threshold,accuracy,balanced_accuracy,precision,recall,f1,brier,ece,roc_auc,fpr,fnr,loss
0.5599999999999999,0.914,0.9139999999999999,0.8580076098235905,0.9922,0.9202374327583008,0.06100201825605285,0.02188029227193558,0.9758014400000001,0.16419999999996715,0.007799999999998439,0.19608962057828902
