threshold,accuracy,balanced_accuracy,precision,recall,f1,brier,ece,roc_auc,fpr,fnr,loss
0.5049999999999999,0.4998,0.4998,0.4998585972850679,0.707,0.5856527501656726,0.2501523050361958,0.01105759230256087,0.5006643199999999,0.7073999999998585,0.29299999999994136,0.6934520353317261
